condition,image_a,image_b,person_a,person_b,same_person,score,over_threshold
diff_face_same_clothes,diff_face_same_clothes/jpn11_01.jpg,diff_face_same_clothes/jpn16_01.jpg,jpn11,jpn16,False,0.9319144487380981,True
diff_face_same_clothes,diff_face_same_clothes/jpn11_01.jpg,diff_face_same_clothes/jpn20_01.jpg,jpn11,jpn20,False,0.9052656292915344,True
diff_face_same_clothes,diff_face_same_clothes/jpn11_01.jpg,diff_face_same_clothes/jpn21_01.jpg,jpn11,jpn21,False,0.9019978046417236,True
diff_face_same_clothes × diff_face_same_clothes_full,diff_face_same_clothes/jpn11_01.jpg,diff_face_same_clothes_full/socA_01.jpg,jpn11,socA,False,0.5100740790367126,False
diff_face_same_clothes × diff_face_same_clothes_full,diff_face_same_clothes/jpn11_01.jpg,diff_face_same_clothes_full/socB_01.jpg,jpn11,socB,False,0.5449632406234741,False
diff_face_same_clothes × diff_face_same_clothes_full,diff_face_same_clothes/jpn11_01.jpg,diff_face_same_clothes_full/socC_01.webp,jpn11,socC,False,0.5332408547401428,False
diff_face_same_clothes × same_all_diff_angle,diff_face_same_clothes/jpn11_01.jpg,same_all_diff_angle/modelB_test01.png,jpn11,modelB,False,0.3537159860134125,False
diff_face_same_clothes × same_all_diff_angle,diff_face_same_clothes/jpn11_01.jpg,same_all_diff_angle/modelB_test02.png,jpn11,modelB,False,0.3818190097808838,False
diff_face_same_clothes × same_all_diff_angle,diff_face_same_clothes/jpn11_01.jpg,same_all_diff_angle/modelB_test03.png,jpn11,modelB,False,0.3373623490333557,False
diff_face_same_clothes × same_face_diff_clothes,diff_face_same_clothes/jpn11_01.jpg,same_face_diff_clothes/modelA_test01.png,jpn11,modelA,False,0.3942336440086365,False
diff_face_same_clothes × same_face_diff_clothes,diff_face_same_clothes/jpn11_01.jpg,same_face_diff_clothes/modelA_test02.png,jpn11,modelA,False,0.46551284193992615,False
diff_face_same_clothes,diff_face_same_clothes/jpn16_01.jpg,diff_face_same_clothes/jpn20_01.jpg,jpn16,jpn20,False,0.9351598620414734,True
diff_face_same_clothes,diff_face_same_clothes/jpn16_01.jpg,diff_face_same_clothes/jpn21_01.jpg,jpn16,jpn21,False,0.9363470673561096,True
diff_face_same_clothes × diff_face_same_clothes_full,diff_face_same_clothes/jpn16_01.jpg,diff_face_same_clothes_full/socA_01.jpg,jpn16,socA,False,0.5094807744026184,False
diff_face_same_clothes × diff_face_same_clothes_full,diff_face_same_clothes/jpn16_01.jpg,diff_face_same_clothes_full/socB_01.jpg,jpn16,socB,False,0.5162218809127808,False
diff_face_same_clothes × diff_face_same_clothes_full,diff_face_same_clothes/jpn16_01.jpg,diff_face_same_clothes_full/socC_01.webp,jpn16,socC,False,0.5212703347206116,False
diff_face_same_clothes × same_all_diff_angle,diff_face_same_clothes/jpn16_01.jpg,same_all_diff_angle/modelB_test01.png,jpn16,modelB,False,0.3250306248664856,False
diff_face_same_clothes × same_all_diff_angle,diff_face_same_clothes/jpn16_01.jpg,same_all_diff_angle/modelB_test02.png,jpn16,modelB,False,0.3647933602333069,False
diff_face_same_clothes × same_all_diff_angle,diff_face_same_clothes/jpn16_01.jpg,same_all_diff_angle/modelB_test03.png,jpn16,modelB,False,0.3159579038619995,False
diff_face_same_clothes × same_face_diff_clothes,diff_face_same_clothes/jpn16_01.jpg,same_face_diff_clothes/modelA_test01.png,jpn16,modelA,False,0.37068384885787964,False
diff_face_same_clothes × same_face_diff_clothes,diff_face_same_clothes/jpn16_01.jpg,same_face_diff_clothes/modelA_test02.png,jpn16,modelA,False,0.4691438376903534,False
diff_face_same_clothes,diff_face_same_clothes/jpn20_01.jpg,diff_face_same_clothes/jpn21_01.jpg,jpn20,jpn21,False,0.9225813150405884,True
diff_face_same_clothes × diff_face_same_clothes_full,diff_face_same_clothes/jpn20_01.jpg,diff_face_same_clothes_full/socA_01.jpg,jpn20,socA,False,0.5186414122581482,False
diff_face_same_clothes × diff_face_same_clothes_full,diff_face_same_clothes/jpn20_01.jpg,diff_face_same_clothes_full/socB_01.jpg,jpn20,socB,False,0.5313777327537537,False
diff_face_same_clothes × diff_face_same_clothes_full,diff_face_same_clothes/jpn20_01.jpg,diff_face_same_clothes_full/socC_01.webp,jpn20,socC,False,0.5417071580886841,False
diff_face_same_clothes × same_all_diff_angle,diff_face_same_clothes/jpn20_01.jpg,same_all_diff_angle/modelB_test01.png,jpn20,modelB,False,0.3350963592529297,False
diff_face_same_clothes × same_all_diff_angle,diff_face_same_clothes/jpn20_01.jpg,same_all_diff_angle/modelB_test02.png,jpn20,modelB,False,0.3807099461555481,False
diff_face_same_clothes × same_all_diff_angle,diff_face_same_clothes/jpn20_01.jpg,same_all_diff_angle/modelB_test03.png,jpn20,modelB,False,0.319696843624115,False
diff_face_same_clothes × same_face_diff_clothes,diff_face_same_clothes/jpn20_01.jpg,same_face_diff_clothes/modelA_test01.png,jpn20,modelA,False,0.4010828137397766,False
diff_face_same_clothes × same_face_diff_clothes,diff_face_same_clothes/jpn20_01.jpg,same_face_diff_clothes/modelA_test02.png,jpn20,modelA,False,0.4893440008163452,False
diff_face_same_clothes × diff_face_same_clothes_full,diff_face_same_clothes/jpn21_01.jpg,diff_face_same_clothes_full/socA_01.jpg,jpn21,socA,False,0.5129193067550659,False
diff_face_same_clothes × diff_face_same_clothes_full,diff_face_same_clothes/jpn21_01.jpg,diff_face_same_clothes_full/socB_01.jpg,jpn21,socB,False,0.4863598048686981,False
diff_face_same_clothes × diff_face_same_clothes_full,diff_face_same_clothes/jpn21_01.jpg,diff_face_same_clothes_full/socC_01.webp,jpn21,socC,False,0.483791708946228,False
diff_face_same_clothes × same_all_diff_angle,diff_face_same_clothes/jpn21_01.jpg,same_all_diff_angle/modelB_test01.png,jpn21,modelB,False,0.32024264335632324,False
diff_face_same_clothes × same_all_diff_angle,diff_face_same_clothes/jpn21_01.jpg,same_all_diff_angle/modelB_test02.png,jpn21,modelB,False,0.3398529291152954,False
diff_face_same_clothes × same_all_diff_angle,diff_face_same_clothes/jpn21_01.jpg,same_all_diff_angle/modelB_test03.png,jpn21,modelB,False,0.2910745143890381,False
diff_face_same_clothes × same_face_diff_clothes,diff_face_same_clothes/jpn21_01.jpg,same_face_diff_clothes/modelA_test01.png,jpn21,modelA,False,0.39004242420196533,False
diff_face_same_clothes × same_face_diff_clothes,diff_face_same_clothes/jpn21_01.jpg,same_face_diff_clothes/modelA_test02.png,jpn21,modelA,False,0.49658486247062683,False
diff_face_same_clothes_full,diff_face_same_clothes_full/socA_01.jpg,diff_face_same_clothes_full/socB_01.jpg,socA,socB,False,0.8034145832061768,True
diff_face_same_clothes_full,diff_face_same_clothes_full/socA_01.jpg,diff_face_same_clothes_full/socC_01.webp,socA,socC,False,0.7805905342102051,True
diff_face_same_clothes_full × same_all_diff_angle,diff_face_same_clothes_full/socA_01.jpg,same_all_diff_angle/modelB_test01.png,socA,modelB,False,0.5268370509147644,False
diff_face_same_clothes_full × same_all_diff_angle,diff_face_same_clothes_full/socA_01.jpg,same_all_diff_angle/modelB_test02.png,socA,modelB,False,0.5206853151321411,False
diff_face_same_clothes_full × same_all_diff_angle,diff_face_same_clothes_full/socA_01.jpg,same_all_diff_angle/modelB_test03.png,socA,modelB,False,0.4609643518924713,False
diff_face_same_clothes_full × same_face_diff_clothes,diff_face_same_clothes_full/socA_01.jpg,same_face_diff_clothes/modelA_test01.png,socA,modelA,False,0.6596308946609497,False
diff_face_same_clothes_full × same_face_diff_clothes,diff_face_same_clothes_full/socA_01.jpg,same_face_diff_clothes/modelA_test02.png,socA,modelA,False,0.694485068321228,False
diff_face_same_clothes_full,diff_face_same_clothes_full/socB_01.jpg,diff_face_same_clothes_full/socC_01.webp,socB,socC,False,0.8097630739212036,True
diff_face_same_clothes_full × same_all_diff_angle,diff_face_same_clothes_full/socB_01.jpg,same_all_diff_angle/modelB_test01.png,socB,modelB,False,0.4766513705253601,False
diff_face_same_clothes_full × same_all_diff_angle,diff_face_same_clothes_full/socB_01.jpg,same_all_diff_angle/modelB_test02.png,socB,modelB,False,0.49662643671035767,False
diff_face_same_clothes_full × same_all_diff_angle,diff_face_same_clothes_full/socB_01.jpg,same_all_diff_angle/modelB_test03.png,socB,modelB,False,0.4879496097564697,False
diff_face_same_clothes_full × same_face_diff_clothes,diff_face_same_clothes_full/socB_01.jpg,same_face_diff_clothes/modelA_test01.png,socB,modelA,False,0.5911118388175964,False
diff_face_same_clothes_full × same_face_diff_clothes,diff_face_same_clothes_full/socB_01.jpg,same_face_diff_clothes/modelA_test02.png,socB,modelA,False,0.6032724976539612,False
diff_face_same_clothes_full × same_all_diff_angle,diff_face_same_clothes_full/socC_01.webp,same_all_diff_angle/modelB_test01.png,socC,modelB,False,0.501499593257904,False
diff_face_same_clothes_full × same_all_diff_angle,diff_face_same_clothes_full/socC_01.webp,same_all_diff_angle/modelB_test02.png,socC,modelB,False,0.4606013596057892,False
diff_face_same_clothes_full × same_all_diff_angle,diff_face_same_clothes_full/socC_01.webp,same_all_diff_angle/modelB_test03.png,socC,modelB,False,0.4439864158630371,False
diff_face_same_clothes_full × same_face_diff_clothes,diff_face_same_clothes_full/socC_01.webp,same_face_diff_clothes/modelA_test01.png,socC,modelA,False,0.5625320672988892,False
diff_face_same_clothes_full × same_face_diff_clothes,diff_face_same_clothes_full/socC_01.webp,same_face_diff_clothes/modelA_test02.png,socC,modelA,False,0.5599557161331177,False
same_all_diff_angle,same_all_diff_angle/modelB_test01.png,same_all_diff_angle/modelB_test02.png,modelB,modelB,True,0.849901020526886,True
same_all_diff_angle,same_all_diff_angle/modelB_test01.png,same_all_diff_angle/modelB_test03.png,modelB,modelB,True,0.7586363554000854,True
same_all_diff_angle × same_face_diff_clothes,same_all_diff_angle/modelB_test01.png,same_face_diff_clothes/modelA_test01.png,modelB,modelA,False,0.6545295715332031,False
same_all_diff_angle × same_face_diff_clothes,same_all_diff_angle/modelB_test01.png,same_face_diff_clothes/modelA_test02.png,modelB,modelA,False,0.5726631879806519,False
same_all_diff_angle,same_all_diff_angle/modelB_test02.png,same_all_diff_angle/modelB_test03.png,modelB,modelB,True,0.8337832093238831,True
same_all_diff_angle × same_face_diff_clothes,same_all_diff_angle/modelB_test02.png,same_face_diff_clothes/modelA_test01.png,modelB,modelA,False,0.7194733619689941,True
same_all_diff_angle × same_face_diff_clothes,same_all_diff_angle/modelB_test02.png,same_face_diff_clothes/modelA_test02.png,modelB,modelA,False,0.6084635257720947,False
same_all_diff_angle × same_face_diff_clothes,same_all_diff_angle/modelB_test03.png,same_face_diff_clothes/modelA_test01.png,modelB,modelA,False,0.6570437550544739,False
same_all_diff_angle × same_face_diff_clothes,same_all_diff_angle/modelB_test03.png,same_face_diff_clothes/modelA_test02.png,modelB,modelA,False,0.541921854019165,False
same_face_diff_clothes,same_face_diff_clothes/modelA_test01.png,same_face_diff_clothes/modelA_test02.png,modelA,modelA,True,0.7691873908042908,True
